{
        "install": "changelog/install.txt",
        "0.1.1": "changelog/0.1.1.txt",
        "0.1.2": "changelog/0.1.2.txt",
        "0.2.0": "changelog/0.2.0.txt",
        "0.2.1": "changelog/0.2.1.txt",
        "0.2.2": "changelog/0.2.2.txt",
        "0.2.3": "changelog/0.2.3.txt",
        "0.2.4": "changelog/0.2.4.txt",
        "0.2.5": "changelog/0.2.5.txt",
        "0.2.6": "changelog/0.2.6.txt",
        "0.3.0": "changelog/0.3.0.txt",
        "0.3.1": "changelog/0.3.1.txt",
        "0.3.2": "changelog/0.3.2.txt",
        "0.3.3": "changelog/0.3.3.txt",
        "0.3.4": "changelog/0.3.4.txt",
        "0.3.5": "changelog/0.3.5.txt",
        "0.3.6": "changelog/0.3.6.txt",
        "0.3.7": "changelog/0.3.7.txt"
}