[{"D:\\\u6211\u7684\u9879\u76ee\\snake\\snake.js": "UTF-8"}, {"D:\\DW\u4f8b\u5b50\\js\\jquery-1.11.3.js": "ASCII"}, {"D:\\DW\u4f8b\u5b50\\npm-test\\vue-test\\node_modules\\vary\\index.js": "ASCII"}, {"D:\\DW\u4f8b\u5b50\\npm-test\\vue-test\\node_modules\\url-loader\\index.js": "ASCII"}, {"D:\\DW\u4f8b\u5b50\\npm-test\\vue-test\\node_modules\\ansi-styles\\index.js": "ASCII"}, {"D:\\DW\u4f8b\u5b50\\npm-test\\vue-test\\build\\build.js": "ASCII"}, {"D:\\DW\u4f8b\u5b50\\npm-test\\vue-test\\.postcssrc.js": "ASCII"}, {"D:\\DW\u4f8b\u5b50\\npm-test\\vue-test\\config\\test.env.js": "ASCII"}, {"D:\\DW\u4f8b\u5b50\\npm-test\\vue-test\\config\\prod.env.js": "ASCII"}, {"D:\\DW\u4f8b\u5b50\\npm-test\\vue-test\\config\\dev.env.js": "ASCII"}, {"D:\\DW\u4f8b\u5b50\\npm-test\\vue-test\\build\\vue-loader.conf.js": "ASCII"}, {"D:\\DW\u4f8b\u5b50\\npm-test\\vue-test\\build\\webpack.base.conf.js": "ASCII"}, {"D:\\DW\u4f8b\u5b50\\npm-test\\vue-test\\build\\webpack.dev.conf.js": "ASCII"}, {"D:\\DW\u4f8b\u5b50\\npm-test\\vue-test\\config\\index.js": "ASCII"}, {"D:\\DW\u4f8b\u5b50\\npm-test\\vue-test\\build\\webpack.prod.conf.js": "ASCII"}, {"D:\\DW\u4f8b\u5b50\\npm-test\\vue-test\\src\\main.js": "ASCII"}, {"D:\\DW\u4f8b\u5b50\\npm-test\\vue-test\\src\\App.vue": "ASCII"}, {"D:\\DW\u4f8b\u5b50\\npm-test\\vue-test\\src\\components\\HelloWorld.vue": "ASCII"}, {"C:\\Program Files\\Microsoft VS Code\\resources\\app\\extensions\\theme-solarized-light\\themes\\solarized-light-color-theme.json": "ASCII"}, {"D:\\\u6211\u7684\u9879\u76ee\\snake\\snake.css": "UTF-8"}, {"D:\\\u6211\u7684\u9879\u76ee\\snake\\snow.js": "ASCII"}, {"D:\\\u6211\u7684\u9879\u76ee\\snake\\index.html": "UTF-8"}, {"C:\\Users\\jianglei\\Desktop\\snake\\dist\\js\\bundle.js": "UTF-8"}, {"C:\\Users\\jianglei\\Desktop\\snake\\bundle.js": "UTF-8"}, {"C:\\Users\\jianglei\\Desktop\\snake\\index.html": "UTF-8"}, {"C:\\Users\\jianglei\\Desktop\\snake\\dist\\css\\snake.min.css": "ASCII"}, {"C:\\Users\\jianglei\\Desktop\\snake\\dist\\css\\snake.css": "UTF-8"}, {"C:\\Users\\jianglei\\Desktop\\snake\\dist\\html\\index.html": "UTF-8"}, {"C:\\Users\\jianglei\\Desktop\\snake\\package.json": "ASCII"}, {"C:\\Users\\jianglei\\Desktop\\snake\\gulpfile.js": "UTF-8"}, {"D:\\DW\u4f8b\u5b50\\npm-test\\vue-test\\src\\router\\index.js": "ASCII"}, {"D:\\DW\u4f8b\u5b50\\test.java": "ASCII"}, {"D:\\Sublime Text 3\\Data\\Packages\\sublime_terminal-master\\Terminal.py": "ASCII"}, {"D:\\Sublime Text 3\\Data\\Packages\\sublime_terminal-master\\Terminal.sublime-settings": "ASCII"}, {"D:\\Sublime Text 3\\Data\\Packages\\User\\Preferences.sublime-settings": "ASCII"}, {"D:\\DW\u4f8b\u5b50\\js\\vuex.js": "ASCII"}, {"D:\\DW\u4f8b\u5b50\\npm-test\\vue-test\\index.html": "UTF-8"}, {"D:\\DW\u4f8b\u5b50\\npm-test\\vue-test\\.editorconfig": "ASCII"}, {"D:\\DW\u4f8b\u5b50\\npm-test\\vue-test\\.babelrc": "ASCII"}, {"C:\\Users\\jianglei\\Desktop\\npm-test\\vue-test\\index.html": "ASCII"}, {"C:\\Users\\jianglei\\Desktop\\npm-test\\vue-test\\src\\App.vue": "ASCII"}, {"C:\\Users\\jianglei\\Desktop\\npm-test\\vue-test\\src\\main.js": "ASCII"}, {"C:\\Users\\jianglei\\Desktop\\npm-test\\vue-test\\src\\router\\index.js": "ASCII"}, {"C:\\Users\\jianglei\\Desktop\\npm-test\\vue-test\\package.json": "ASCII"}, {"D:\\\u6211\u7684\u9879\u76ee\\snake\\gulpfile.js": "UTF-8"}, {"D:\\\u6211\u7684\u9879\u76ee\\snake\\package.json": "ASCII"}, {"D:\\\u524d\u7aef\u5b9e\u8df5\u6587\u4ef6\\youpin-pc-boilerplate\\src\\App.vue": "ASCII"}, {"D:\\\u524d\u7aef\u5b9e\u8df5\u6587\u4ef6\\youpin-pc-boilerplate\\src\\store\\types.js": "UTF-8"}, {"D:\\\u524d\u7aef\u5b9e\u8df5\u6587\u4ef6\\youpin-pc-boilerplate\\src\\store\\modules\\user.js": "UTF-8"}, {"D:\\\u524d\u7aef\u5b9e\u8df5\u6587\u4ef6\\youpin-pc-boilerplate\\src\\main.js": "ASCII"}, {"D:\\\u524d\u7aef\u5b9e\u8df5\u6587\u4ef6\\webpack\\webpack.config.js": "UTF-8"}, {"D:\\\u524d\u7aef\u5b9e\u8df5\u6587\u4ef6\\webpack\\package.json": "ASCII"}, {"D:\\\u524d\u7aef\u5b9e\u8df5\u6587\u4ef6\\vue-project\\youpin-pc-boilerplate\\src\\router\\index.js": "ASCII"}, {"D:\\\u524d\u7aef\u5b9e\u8df5\u6587\u4ef6\\cloudvc\u6587\u4ef6\\orderCtrl.js": "UTF-8"}, {"D:\\\u524d\u7aef\u5b9e\u8df5\u6587\u4ef6\\\u524d\u7aef\u81ea\u52a8\u6784\u5efa\u5de5\u5177\\gulpfile.js": "UTF-8"}, {"D:\\\u524d\u7aef\u5b9e\u8df5\u6587\u4ef6\\\u524d\u7aef\u81ea\u52a8\u6784\u5efa\u5de5\u5177\\.eslintrc": "ASCII"}, {"D:\\\u524d\u7aef\u5b9e\u8df5\u6587\u4ef6\\\u9f20\u6807\u79fb\u52a8\u56fe\u7247\u5c55\u793a\\Untitled-1.html": "UTF-8"}, {"D:\\DW\u4f8b\u5b50\\ngtest.html": "UTF-8"}, {"D:\\\u524d\u7aef\u5b9e\u8df5\u6587\u4ef6\\SVG\u65f6\u949f.html": "UTF-8"}, {"C:\\Users\\jianglei\\Desktop\\\u65b0\u5efa\u6587\u4ef6\u5939\\SVG-clock\\index.html": "UTF-8"}, {"C:\\Users\\jianglei\\Desktop\\vue-demo-search-master\\src\\components\\logo-select.vue": "UTF-8"}, {"C:\\Users\\jianglei\\Desktop\\npm-test\\vue-test\\src\\components\\HelloWorld.vue": "ASCII"}, {"C:\\Users\\jianglei\\Desktop\\vue-demo-search-master\\src\\main.js": "ASCII"}, {"C:\\Users\\jianglei\\Desktop\\vue-demo-search-master\\src\\components\\search-panel.vue": "UTF-8"}, {"C:\\Users\\jianglei\\Desktop\\vue-demo-search-master\\src\\App.vue": "ASCII"}, {"C:\\Users\\jianglei\\Desktop\\vue-demo-search-master\\index.html": "UTF-8"}, {"C:\\Users\\jianglei\\Desktop\\vue-demo-search-master\\package.json": "UTF-8"}, {"C:\\Users\\jianglei\\Desktop\\npm-test\\vue-test\\config\\index.js": "ASCII"}, {"C:\\Users\\jianglei\\Desktop\\npm-test\\vue-test\\.gitignore": "ASCII"}, {"C:\\Users\\jianglei\\Desktop\\npm-test\\vue-test\\build\\webpack.base.conf.js": "ASCII"}, {"C:\\Users\\jianglei\\Desktop\\npm-test\\vue-test\\.postcssrc.js": "ASCII"}, {"C:\\Users\\jianglei\\Desktop\\npm-test\\vue-test\\test\\unit\\specs\\HelloWorld.spec.js": "ASCII"}, {"C:\\Users\\jianglei\\Desktop\\npm-test\\package-lock.json": "ASCII"}, {"C:\\Users\\jianglei\\Desktop\\npm-test\\package.json": "ASCII"}, {"D:\\DW\u4f8b\u5b50\\test.js": "ASCII"}, {"D:\\vue-cli\\vue-cli\\src\\store\\modules\\user.js": "UTF-8"}, {"D:\\vue-cli\\vue-cli\\src\\app\\login\\Login.vue": "ASCII"}, {"D:\\vue-cli\\vue-cli\\src\\app\\dashboard\\Dashboard.vue": "UTF-8"}, {"D:\\vue-cli\\vue-cli\\src\\store\\actions.js": "ASCII"}, {"D:\\vue-cli\\vue-cli\\src\\store\\mutations.js": "ASCII"}, {"D:\\vue-cli\\vue-cli\\config\\index.js": "ASCII"}, {"D:\\vue-cli\\vue-cli\\index.html": "ASCII"}, {"D:\\vue-cli\\vue-cli\\package.json": "ASCII"}, {"D:\\Sublime Text 3\\Data\\Packages\\User\\SublimeServer.sublime-settings": "ASCII"}, {"D:\\QQ\u7f13\u5b58\\Java\u57fa\u7840\u7efc\u5408\u9898\\demo20.java": "GB2312"}, {"D:\\QQ\u7f13\u5b58\\Java\u57fa\u7840\u7efc\u5408\u9898\\demo07.java": "GB2312"}, {"D:\\QQ\u7f13\u5b58\\Java\u57fa\u7840\u7efc\u5408\u9898\\demo01.java": "GB2312"}, {"D:\\DW\u4f8b\u5b50\\js\\vue.js": "ASCII"}, {"C:\\Users\\jianglei\\AppData\\Local\\Temp\\360zip$Temp\\360$2\\Default.sublime-theme": "ASCII"}, {"D:\\DW\u4f8b\u5b50\\java1.java": "UTF-8"}, {"D:\\DW\u4f8b\u5b50\\1.css": "ASCII"}, {"C:\\Users\\jianglei\\AppData\\Local\\Temp\\360zip$Temp\\360$1\\Default.sublime-theme": "ASCII"}, {"C:\\Users\\jianglei\\AppData\\Local\\Temp\\360zip$Temp\\360$0\\Default.sublime-theme": "ASCII"}, {"D:\\DW\u4f8b\u5b50\\echarts-2.2.7\\doc\\example.html": "UTF-8"}, {"D:\\Sublime Text 3\\Data\\Packages\\Theme - Soda\\Soda Dark.sublime-theme": "ASCII"}, {"D:\\Sublime Text 3\\Data\\Packages\\Theme-me\\green eyeshield.tmTheme": "UTF-8"}, {"C:\\Users\\jianglei\\Desktop\\SublimeServer-master\\SublimeServer.py": "ASCII"}, {"D:\\\u6211\u7684\u9879\u76ee\\qqmusic\\qqmusic.js": "UTF-8"}, {"D:\\\u8fbe\u5185\\\u5df2\u5b8c\u6210\u4f5c\u4e1a\\JS\u5b9e\u8df5\\setTimeout.html": "UTF-8"}, {"C:\\Users\\jianglei\\Desktop\\cloudvc\u6587\u4ef6\\routerConfig.js": "ASCII"}]